date,timestamp,note
2026-07-18,2026-07-18 14:05:22 CST,automated daily research check-in
2026-07-19,2026-07-19 01:02:16 CST,automated daily research check-in
2026-07-20,2026-07-20 01:03:44 CST,automated daily research check-in
2026-07-21,2026-07-21 02:09:53 CST,automated daily research check-in
2026-07-22,2026-07-22 01:26:47 CST,automated daily research check-in
2026-07-23,2026-07-23 01:25:24 CST,automated daily research check-in
2026-07-24,2026-07-24 01:35:49 CST,automated daily research check-in
2026-07-25,2026-07-25 01:42:17 CST,automated daily research check-in
2026-07-26,2026-07-26 01:05:29 CST,automated daily research check-in
2026-07-27,2026-07-27 01:08:16 CST,automated daily research check-in
2026-07-28,2026-07-28 01:47:03 CST,automated daily research check-in
2026-07-29,2026-07-29 01:39:49 CST,automated daily research check-in
2026-07-30,2026-07-30 01:20:17 CST,automated daily research check-in
2026-07-31,2026-07-31 01:41:11 CST,automated daily research check-in
2026-08-01,2026-08-01 01:44:58 CST,automated daily research check-in
2026-08-02,2026-08-02 01:05:53 CST,automated daily research check-in
2026-08-03,2026-08-03 01:06:26 CST,automated daily research check-in
